Player1,First Name,Last Name
Yurtseven Omer,Omer,Yurtseven
Abalde Alberto,Alberto,Abalde
Abass Awudu,Awudu,Abass
Ajinca Melvin,Melvin,Ajinca
Akele Nicola,Nicola,Akele
Yilmaz Erkan,Erkan,Yilmaz
Alston Jr Derrick,Derrick,Alston Jr.
Anderson Justin,Justin,Anderson
Wright Moses,Moses,Wright
Vautier Bastien,Bastien,Vautier
Ulanovas Edgaras,Edgaras,Ulanovas
Tubelis Azuolas,Azuolas,Tubelis
Thompson Darius,Darius,Thompson
Theis Daniel,Daniel,Theis
Taylor Kameron,Kameron,Taylor
Tavares Walter,Walter,Tavares
Tarpey Terry,Terry,Tarpey
Swider Cole,Cole,Swider
Brown Sterling,Sterling,Brown
Brown Lorenzo,Lorenzo,Brown
Brooks Armoni,Armoni,Brooks
Brizuela Dario,Dario,Brizuela
Brissett Oshae,O'Shae J,Brissett
Brazdeikis Ignas,Ignas,Brazdeikis
Boston Jr Brandon,Brandon,Boston Jr.
Booker Devin,Devin,Booker
Bonga Isaac,Isaac,Bonga
Blossomgame Jaron,Jaron,Blossomgame
Blatt Tamir,Tamir,Blatt
Blakeney Antonio,Antonio,Blakeney
Birutis Laurynas,Laurynas,Birutis
Da Silva Oscar,Oscar,Da Silva
Costello Matthew,Matthew,Costello
Cordinier Isaia,Isaia,Cordinier
Colson Bonzie,Bonzie,Colson
Clark III Jimmy,Jimmy,Clark Iii
Cavaliere Leopold,Leopold,Cavaliere
Campazzo Facundo,Facundo,Campazzo
Cale Myles,Myles,Cale
Calathes Nick,Nick,Calathes
Butler Jared,Jared,Butler
Butkevicius Arnas,Arnas,Butkevicius
Bryant Elijah,Elijah,Bryant
Dokossi Allan,Allan,Dokossi
Diouf Mouhamet,Mouhamet,Diouf
Diop Khalifa,Khalifa,Diop
Dinwiddie Spencer,Spencer,Dinwiddie
Dibartolomeo John,John,Dibartolomeo
Diarra Aliou,Aliou,Diarra
Diallo Alpha,Alpha,Diallo
Diakite Mamadi,Mamadi,Diakite
Deck Gabriel,Gabriel,Deck
De Larrea Sergio,Sergio,De Larrea
De Colo Nando,Nando,De Colo
Davidovac Dejan,Dejan,Davidovac
Strazel Matthew,Matthew,Strazel
Stevens Lamar,Lamar,Stevens
Spagnolo Matteo,Matteo,Spagnolo
Sorkin Roman,Roman,Sorkin
Smits Rolands,Rolands,Smits
Smailagic Alen,Alen,Smailagic
Sleva Dustin,Dustin,Sleva
Simmons Kobi,Kobi,Simmons
Shorts TJ,Tj,Shorts
Shields Shavon,Shavon,Shields
Fernando Bruno,Bruno,Fernando
Faye Mouhamed,Mouhamed,Faye
Faried Kenneth,Kenneth,Faried
Ennis Tyler,Tyler,Ennis
Ellis Quinn,Quinn,Ellis
Edwards Carsen,Carsen,Edwards
Dos Santos Yago,Yago,Dos Santos
Dorsey Tyler,Tyler,Dorsey
Seljaas Zachary,Zachary,Seljaas
Satoransky Tomas,Tomas,Satoransky
Santos Marcio,Marcio,Santos
Sako Neal,Neal,Sako
Rogkavopoulos Nikolaos,Nikolaos,Rogkavopoulos
Robinson Justin,Justin,Robinson
Ricci Giampaolo,Giampaolo,Ricci
Rhoden Jared,Jared,Rhoden
Hackett Daniel,Daniel,Hackett
Guduric Marko,Marko,Guduric
Grant Jerian,Jerian,Grant
Graham Devonte,Devonte,Graham
Ginat Tomer,Tomer,Ginat
Giffey Niels,Niels,Giffey
Garuba Usman,Usman,Garuba
Gabriel Wenyen,Wenyen,Gabriel
Frisch Clement,Clement,Frisch
Francisco Sylvain,Sylvain,Francisco
Fournier Evan,Evan,Fournier
Forrest Trent,Trent,Forrest
Holmes Richaun,Richaun,Holmes
Hollatz Justus,Justus,Hollatz
Hoard Jaylen,Jaylen,Hoard
Hifi Nadir,Nadir,Hifi
Hezonja Mario,Mario,Hezonja
Heurtel Thomas,Thomas,Heurtel
Hernangomez Willy,Willy,Hernangomez
Hernangomez Juancho,Juancho,Hernangomez
Hazer Sehmus,Sehmus,Hazer
Hayes Kevarrius,Kevarrius,Hayes
Harrison Shaquille,Shaquille,Harrison
Hall Donta,Donta,Hall
Hall Devon,Devon,Hall
Jovic Stefan,Stefan,Jovic
Jones Tyrique,Tyrique,Jones
Jones Kai,Kai,Jones
Jones Chris,Chris,Jones
Jessup Justinian,Justinian,Jessup
James Mike,Mike,James
Jackson Edwin,Edwin,Jackson
Izundu Ebuka,Ebuka,Izundu
Howard Markus,Markus,Howard
Horton Tucker Talen,Talen,Horton Tucker
Reuvers Nathan,Nathan,Reuvers
Rayman William,William,Rayman
Radzevicius Gytis,Gytis,Radzevicius
Punter Kevin,Kevin,Punter
Puerto Josep,Josep,Puerto
Procida Gabriele,Gabriele,Procida
Prepelic Klemen,Klemen,Prepelic
Pradilla Jaime,Jaime,Pradilla
Poirier Vincent,Vincent,Poirier
Petrusev Filip,Filip,Petrusev
Peters Alec,Alec,Peters
Laprovittola Nicolas,Nicolas,Laprovittola
Lakic Arijan,Arijan,Lakic
Kurucs Rodions,Rodions,Kurucs
Kramer David,David,Kramer
Key Braxton,Braxton,Key
Kamenjas Kenan,Kenan,Kamenjas
Kalinic Nikola,Nikola,Kalinic
Kalaitzakis Panagiotis,Panagiotis,Kalaitzakis
Kabengele Mfiondu,Mfiondu,Kabengele
Parra Joel,Joel,Parra
Papanikolaou Kostas,Kostas,Papanikolaou
Palatin Guy,Guy,Palatin
Pajola Alessandro,Alessandro,Pajola
Ouattara Yakuba,Yakuba,Ouattara
Oturu Dan,Dan,Oturu
Osmani Ercan,Ercan,Osmani
Osman Cedi,Cedi,Osman
Osetkowski Dylan,Dylan,Osetkowski
Omoruyi Eugene,Eugene,Omoruyi
Okobo Elie,Elie,Okobo
Okeke Chuma,Chuma,Okeke
Ojeleye Semi,Semi,Ojeleye
M'Baye Amath,Amath,M'Baye
Luwawu-Cabarrot Timothe,Timothe,Luwawu-Cabarrot
Lundberg Iffe,Iffe,Lundberg
Lucic Vladimir,Vladimir,Lucic
Lo Maodo,Maodo,Lo
Lighty David,David,Lighty
Len Alex,Alex,Len
Leday Zach,Zach,Leday
Leaf TJ,Tj,Leaf
Lavi Gur,Gur,Lavi
Melli Nicolo,Nicolo,Melli
McCormack David,David,Mccormack
Massa Bodian,Bodian,Massa
Marinkovic Vanja,Vanja,Marinkovic
Marcos Juani,Juani,Marcos
Maledon Theo,Theo,Maledon
Malcolm Collin,Collin,Malcolm
Madar Yam,Yam,Madar
Odiase Tai,Tai,Odiase
Obst Andreas,Andreas,Obst
Nwora Jordan,Jordan,Nwora
Nunn Kendrick,Kendrick,Nunn
Ntilikina Frank,Frank,Ntilikina
Norris Miles,Miles,Norris
Niang Saliou,Saliou,Niang
Nedovic Nemanja,Nemanja,Nedovic
Nebo Josh,Josh,Nebo
Ndiaye Mbaye,Mbaye,Ndiaye
Motley Johnathan,Johnathan,Motley
Motiejunas Donatas,Donatas,Motiejunas
Morgan Matthew,Matthew,Morgan
Morgan Jeremy,Jeremy,Morgan
Moore Omari,Omari,Moore
Montero Jean,Jean,Montero
Moneke Chima,Chima,Moneke
Mitoglou Konstantinos,Konstantinos,Mitoglou
Mirotic Nikola,Nikola,Mirotic
Milutinov Nikola,Nikola,Milutinov
Miller-McIntyre Codi,Codi,Miller-Mcintyre
Mike Isiaha,Isiaha,Mike
Wright IV McKinley,Mckinley,Wright Iv
Willis Derek,Derek,Willis
Williams-Goss Nigel,Nigel,Williams-Goss
Weiler-Babb Nick,Nick,Weiler-Babb
Watson Glynn,Glynn,Watson
Washington Duane,Duane,Washington
Walkup Thomas,Thomas,Walkup
Walker IV Lonnie,Lonnie,Walker Iv
Wainright Ish,Ish,Wainright
Voigtmann Johannes,Johannes,Voigtmann
Villar Rafa,Rafa,Villar
Vildoza Luca,Luca,Vildoza
Vezenkov Sasha,Sasha,Vezenkov
Vesely Jan,Jan,Vesely
Birsen Metecan,Metecan,Birsen
Birch Khem,Khem,Birch
Biberovic Tarik,Tarik,Biberovic
Bertans Davis,Davis,Bertans
Beaubois Rodrigue,Rodrigue,Beaubois
Baldwin IV Wade,Wade,Baldwin Iv
Badio Brancou,Brancou,Badio
Bacot Jr Armando,Armando,Bacot Jr.
Bacon Dwayne,Dwayne,Bacon
Armstrong Taran,Taran,Armstrong
Atamna Adam,Adam,Atamna
Avramovic Aleksa,Aleksa,Avramovic
Ayayi Joel,Joel,Ayayi
Bako Ismael,Ismael,Bako
Baldwin Kamar,Kamar,Baldwin
Begarin Juhann,Juhann,Begarin
Ward Tyson,Tyson,Ward
Wilbekin Scottie,Scottie,Wilbekin
Miljenovic Stefan,Stefan,Miljenovic
Milton Shake,Shake,Milton
Morris Monte,Monte,Morris
Musa Dzanan,Dzanan,Musa
Mutaf David,David,Mutaf
Muurinen Miikka,Miikka,Muurinen
Netzipoglou Omiros,Omiros,Netzipoglou
Ngouama Mehdy,Mehdy,Ngouama
Nogues Isaac,Isaac,Nogues
Nowell Markquis,Markquis,Nowell
Mahmutoglu Melih,Melih,Mahmutoglu
Makoundou Yoan,Yoan,Makoundou
Mannion Niccolo,Niccolo,Mannion
Mckissic Shaquielle,Shaquielle,Mckissic
Michineau David,David,Michineau
Micic Vasilije,Vasilije,Micic
Mijailovic Uros,Uros,Mijailovic
Mikalauskas Kajus,Kajus,Mikalauskas
Larkin Shane,Shane,Larkin
Lee Saben,Saben,Lee
Llull Sergio,Sergio,Llull
Lopez-Arostegui Xabi,Xabi,Lopez-Arostegui
Loyd Jordan,Jordan,Loyd
Lyles Trey,Trey,Lyles
Omoruyi Clifford,Clifford,Omoruyi
Papagiannis Georgios,Georgios,Papagiannis
Parker Jabari,Jabari,Parker
Keita Sayon,Sayon,Keita
Kondic Kosta,Kosta,Kondic
Kouzeloglou Ioannis,Ioannis,Kouzeloglou
Kramer David,David,Kraemer
Kratzer Leon,Leon,Kratzer
Kusturica Nikola,Nikola,Kusturica
Larentzakis Giannoulis,Giannoulis,Larentzakis
Payne Cameron,Cameron,Payne
Plavsic Uros,Uros,Plavsic
Pokusevski Aleksej,Aleksej,Pokusevski
Radosic Ognjen,Ognjen,Radosic
Rathan-Mayes Xavier,Xavier,Rathan-Mayes
Hrabar Vit,Vit,Hrabar
Iroegbu Ike,Ike,Iroegbu
Jallow Karim,Karim,Jallow
Jantunen Mikael,Mikael,Jantunen
Joksimovic Stefan,Stefan,Joksimovic
Jones Carlik,Carlik,Jones
Hankins Zachary,Zachary,Hankins
Herrera Sebastian,Sebastian,Herrera
Hommes Daulton,Daulton,Hommes
Flaccadori Diego,Diego,Flaccadori
Grigonis Marius,Marius,Grigonis
Grinvalds Gunars,Gunars,Grinvalds
Gur Lavi,Lavi,Gur
Rivero Jasiel,Jasiel,Rivero
Rubstavicius Mantas,Mantas,Rubstavicius
Ryan Matt,Matt,Ryan
Samanic Luka,Luka,Samanic
Samodurov Alexandros,Alexandros,Samodurov
Sanli Sertac,Sertac,Sanli
Sedekerskis Tadas,Tadas,Sedekerskis
Segev Itay,Itay,Segev
Dowtin Jr Jeffrey,Jeffrey,Dowtin Jr
Dozier Pj,Pj,Dozier
Dunston Bryant,Bryant,Dunston
Ebuka Izundu,Izundu,Ebuka
Ellis Boogie,Boogie,Ellis
Evans Keenan,Keenan,Evans
Fall Youssoupha,Youssoupha,Fall
Feliz Andres,Andres,Feliz
Sestina Nathan,Nathan,Sestina
Shahrvin Enzo,Enzo,Shahrvin
Shengelia Tornike,Tornike,Shengelia
Sima Yankuba,Yankuba,Sima
Sirvydis Deividas,Deividas,Sirvydis
Sloukas Kostas,Kostas,Sloukas
Dessert Brice,Brice,Dessert
Diallo Hamidou,Hamidou,Diallo
Diop Ousmane,Ousmane,Diop
Dobric Ognjen,Ognjen,Dobric
Cancar Vlatko,Vlatko,Cancar
Carter Tyson,Tyson,Carter
Clyburn Will,Will,Clyburn
Dangubic Nemanja,Nemanja,Dangubic
Bitim Onuralp,Onuralp,Bitim
Bolmaro Leandro,Leandro,Bolmaro
Bosnjakovic Mitar,Mitar,Bosnjakovic
Taylor Brandon,Brandon,Taylor
Timor Bar,Bar,Timor
Toliopoulos Vassilis,Vassilis,Toliopoulos
Tonut Stefano,Stefano,Tonut
Tote Leonardo,Leonardo,Tote
Traore Armel,Armel,Traore
Trifunovic Uros,Uros,Trifunovic
Antetokounmpo Kostas,Kostas,Antetokounmpo
Andjusic Danilo,Danilo,Andjusic
Almansa Izan,Izan,Almansa
Zagars Arturs,Arturs,Zagars
