Player,Position
Aaron  Craft,G
Aaron  Doornekamp,F
Aaron  Harrison,G
Aaron  Jackson,G
Aaron  White,F
Achille  Polonara,F
Adam  Hanga,F
Adam  Waczynski,F
Admiral  Schofield,F
Adreian  Payne,C
Adrien  Moerman,G
Agustin  Ubal,G
Ahmet  Duverioglu,C
Ajdin  Penava,C
Alan  Makiev,C
Alberto   Abalde,F
Alberto  Diaz,G
Alberto  Oliver,G
Alec  Peters,F
Alejandro  Abrines,F
Aleksa  Avramovic,G
Aleksa  Ilic,F
Aleksa  Radanov,G
Aleksa  Uskokovic,G
Aleksander  Balcerowski,C
Aleksandr  Karpukhin,G
Aleksandr  Vezenkov,F
Aleksej  Nikolic,G
Aleksej  Pokusevski,F
Alen  Omic,C
Alen  Smailagic,C
Alessandro  Gentile,F
Alessandro  Pajola,G
Alex  Barrera,G
Alex  King,F
Alex  Kirk,C
Alex  Perez,G
Alex  Poythress,C
Alex  Renfroe,G
Alex  Tyus,F
Alexander  Gankevich,F
Alexander  Khomenko,G
Alexandros  Nikolaidis,G
Alexandros  Samontourov,C
Alexey  Shved,G
Allerik   Freeman,G
Alpha  Diallo,F
Alpha  Kaba,C
Amare  Stoudemire,C
Amath  M'Baye,F
Amedeo  Della Valle,F
Amine  Noua,F
Amon  Doerries,F
Andre  Roberson,F
Andrea  Bargnani,C
Andrea  Cinciarini,G
Andreas  Obst,G
Andrei  Desyatnikov,C
Andrei  Lopatin,F
Andrejs  Grazulis,F
Andres  Feliz,G
Andres  Nocioni,F
Andrew  Albicy,G
Andrew  Andrews,G
Andrew  Goudelock,G
Andrew  Harrison,G
Andrey  Vorontsevich,F
Andrey  Zubkov,F
Andy  Rautins,F
Angelo  Caloiaro,F
Antanas  Kavaliauskas,C
Ante  Tomic,C
Ante  Zizic,C
Anthony  Bennett,C
Anthony  Gill,F
Anthony  Polite,F
Anthony  Randolph,F
Antoine  Diot,G
Anton  Nufer,G
Anton  Ponkrashov,F
Anton  Pushkov,C
Antonios  Fotsis,F
Antonios  Koniaris,G
Antonius  Cleveland,G
Anzejs  Pasecniks,C
Armel  Traore,F
Armoni  Brooks,G
Arnas  Butkevicius,F
Artem   Komolov,G
Artem  Klimenko,C
Artem  Pustovyi,C
Artsiom  Parakhouski,C
Arturas  Gudaitis,C
Arturas  Milaknis,F
Arturs  Kurucs,F
Arturs  Zagars,G
Atoumane  Diagne,C
Augustine  Rubit,F
Augusto  Lima,C
Austin  Daye,F
Austin  Hollins,F
Awudu  Abass,F
Axel  Toupane,F
Baba  Miller,F
Balsa  Koprivica,C
Bandja  Sy,F
Baris  Hersek,F
Ben  Bentil,F
Ben  Lammers,C
Beno  Udrih,G
Berk  Demir,F
Berk  Demir BLOGAS,F
Berk  Ugurlu,G
Berkay  Candan,F
Billy   Baron,G
Birkan  Batuk,F
Blake  Schilb,F
Boban  Marjanovic,C
Bobby  Brown,G
Bobby  Dixon,G
Bogdan  Bogdanovic,G
Bogdan  Radosavljevic,C
Bojan  Dubljevic,C
Bonzie  Colson,F
Boris  Dallo,F
Borisa   Simanic,F
Boubacar  Toure,C
Brad  Oleson,G
Bradley   Wanamaker,G
Brady   Manek,F
Brancou  Badio,G
Brandon  Davies,C
Brandon  Paul,F
Branko  Lazic,G
Braydon  Hobbs,G
Brian  Roberts,G
Briante  Weber,G
Brock  Motum,F
Bruno  Caboclo,C
Bruno  Cerella,G
Bruno  Fitipaldo,G
Bruno  Mascolo,F
Bryant  Dunston,C
Bryce  Cotton,G
Bryce  Taylor,G
Bugrahan  Tuncer,G
Burak Can Yildizli,F
Can  Korkmaz,G
Can Maxim  Mutaf,G
Carlik  Jones,G
Carlos  Alocen,G
Carlos  Delfino,F
Carlos  Suarez,F
Carsen  Edwards,G
Cassius  Winston,G
Cedi  Osman,F
Charles  Galliou,F
Charles  Jenkins,G
Charles Lombahe Kahudi,F
Chase  Budinger,F
Chasson  Randle,G
Chima  Moneke,F
Chimezie  Metu,F
Chris  Jones,G
Chris  Kramer,G
Chris  Singleton,F
Christ  Koumadje,C
Christian  Burns,F
Christopher  Chiozza,G
Christopher  Evans,F
Clevin  Hannah,G
Codi  Miller-McIntyre,G
Collin  Malcolm,F
Colton  Iverson,C
Conner  Frankamp,G
Corey  Walden,G
Cory  Higgins,G
Cory  Jefferson,C
Coty  Clarke,F
Curtis  Jerrells,G
D.J.  Seeley,G
Dagan  Yivzori,G
Dairis  Bertans,F
Dalibor  Ilic,F
Dame  Sarr,G
Damien  Inglis,C
Damjan  Rudez,C
Daniel  Diez,G
Daniel  Hackett,G
Daniel  Oturu,C
Daniel  Theis,C
Danielius  Lavrinovicius,C
Danilo  Andjusic,G
Danilo  Andusic,G
Danilo  Barthel,F
Danilo  Nikolic,C
Danko   Brankovic,C
Dante  Exum,G
Dario  Brizuela,G
Darius  Miller,F
Darius  Thompson,G
Darrun  Hilliard,F
Darryl  Strawberry,G
Daryl  Macon,G
Daulton  Hommes,F
David  DeJulius,G
David  Kraemer,G
David  Lighty,F
David  McCormack,C
Davide  Alviti,G
Davide  Moretti,G
Davide  Pascolo,G
Davion  Berry,G
DeAndre  Kane,F
Declan  Duru,F
Dee  Bost,G
Deividas  Sirvydis,F
Dejan  Davidovac,F
Dejan  Musli,C
DeMarcus  Nelson,G
Demetris  Nichols,F
Deni  Avdija,F
Denis  Zakharov,G
Deon  Thompson,F
Derek  Willis,F
Derrick  Brown,F
Derrick  Walton,G
Derrick  Williams,F
Deshaun  Thomas,F
Devin   Booker,C
Devin  Smith,F
Devin  Williams,C
Devon  Hall,G
Devontae  Cacok,C
Diamon  Simpson,F
Diego  Flaccadori,G
Dimitrij  Kadoshnikov,F
Dimitrios   Agravanis,F
Dimitris  Moraitis,G
Dino  Radoncic,F
Djordjije  Jovanovic,F
Dmitri  Sokolov,C
Dmitrii  Uzinskii,F
Dmitriy  Khvostov,G
Dmitry  Kulagin,G
Dogus  Balbay,G
Dogus  Ozdemiroglu,G
Dominic  Waters,G
Donatas  Motiejunas,C
Donatas  Sabeckis,G
Donta  Hall,C
Dontaye  Draper,G
Dorell  Wright,F
Dori  Sarah,F
Dorian  Grosber,F
Dovydas  Butka,F
Dovydas  Giedraitis,G
Dragan  Apic,F
Dragan  Bender,C
Dragan  Milosavljevic,G
Drew  Crawford,F
Duane  Washington Jr.,F
Duop  Reath,C
Dwayne  Bacon,F
Dwight  Buycks,G
Dylan  Ennis,G
Dylan  Osetkowski,F
Dyshawn  Pierre,F
Dzanan  Musa,F
Earl  Clark,C
Eddy   Edigin,C
Edgaras  Ulanovas,F
Edmond  Sumner,F
Edo  Muric,F
Edwin  Jackson,G
Ege  Arar,F
Egehan  Arna,F
Egor  Vyaltsev,F
Eidan  Alber,G
Ekpe  Udoh,C
Ekrem  Sancakli,G
Eleftherios  Bochoridis,G
Eleftherios  Mantzoukas,F
Eli  Ndiaye,C
Elias  Harris,C
Elias  Rapieque,F
Elie  Okobo,G
Elijah  Bryant,G
Elwin  Ndjock,F
Emanuel  Terry,C
Emir  Preldzic,F
Emircan  Kosut,C
Emmanuel  Mudiay,G
Ender  Arslan,G
Enzo  Shahrvin,C
Ercan  Osmani,F
Ergi  Tirpanci,G
Erick  Green,G
Erikas  Venskus,C
Erkan  Yilmaz,F
Errick  McCollum,G
Erten  Gazi,G
Ethan  Happ,F
Eulis  Baez,C
Evan  Fournier,F
Evangelos  Mantzaris,G
Evgeny  Valiev,F
Evgeny  Voronov,G
Fabien  Causeur,F
Facundo  Campazzo,G
Fedor  Zugic,G
Felipe  Reyes,C
Fernando  San Emeterio,G
Filip  Barovic,C
Filip  Covic,G
Filip  Petrusev,C
Frank  Jackson,G
Frank  Kaminsky,F
Frank  Ntilikina,G
Freddie  Gillespie,C
Furkan  Aldemir,C
Furkan  Korkmaz,F
Gabriel  Deck,F
Gabriel  Lundberg,G
Gabriele  Procida,F
Gael  Bonilla,F
Gal  Mekel,G
Garlon   Green,G
Gavin  Schilling,F
George  Papas,G
Georgios  Kalaitzakis,F
Georgios  Papagiannis,C
Georgios  Printezis,F
Georgios  Tanoulis,C
Giampaolo  Ricci,F
Giannis  Athinaiou,G
Giannoulis  Larentzakis,G
Giordano  Bortolani,G
Giorgio  Shermadini,C
Giorgos  Bogris,C
Goga  Bitadze,C
Goksenin  Koksal,G
Gora  Camara,C
Greg  Monroe,C
Gregor  Glas,G
Guerschon  Yabusele,F
Guglielmo   Caruso,F
Guillem  Ferrando,G
Guillem  Vives,G
Gustavo  Ayon,C
Guy  Pnini,F
Gytis  Masiulis,F
Hassan  Martin,C
Hollis  Thompson,F
Howard  Sant-Roos,F
Hugo  Gonzalez,F
Ian  Vougioukas,C
Ibou  Badji,C
Ibrahima Fall Faye,F
Ignacio  Rosa,F
Ignas  Brazdeikis,F
Igor  Volkhin,F
Ilimane  Diop,C
Ioannis  Bourousis,C
Ioannis  Papapetrou,F
Isaac  Bonga,F
Isaia  Cordinier,F
Isaiah  Canaan,G
Isaiah  Hartenstein,F
Isaiah  Taylor,G
Isiaha  Mike,F
Ismael  Bako,C
Ismael  Kamagate,C
Ismaila  Diagne,C
Ismet  Akpinar,G
Itay  Segev,F
Ivan  Evstigneev,G
Ivan  Kharchenkov,G
Ivan  Martinez,F
Ivan  Ukhov,G
Jabari  Parker,F
Jacob  Wiley,C
Jaime  Pradilla,F
JaJuan  Johnson,F
Jaka  Blazic,G
Jake  Cohen,F
Jaleen  Smith,G
Jalen  Adams,G
Jalen  Jones,F
Jalen  Reynolds,C
Jamel  McLean,C
James  Anderson,F
James  Augustine,C
James  Bell,F
James  Feldeine,G
James  Gist,C
James  Nnaji,C
James  Nunnally,F
James  Webb III,F
Jan  Vesely,C
Jan Niklas  Wimberg,F
Janis  Strelnieks,G
Janis  Timma,F
Jared  Harper,G
Jarell  Eddie,F
Jarell  Martin,F
Jaron  Blossomgame,F
Jarrell  BrantleyF,F
Jasiel  Rivero,C
Jason  George,G
Jason  Thompson,C
Javonte  Smart,G
Jaycee  Carroll,G
Jaylen  Adams,G
Jaylen  Hoard,F
Jayson  Granger,G
Jeff  Ayres,C
Jeff  Brooks,F
Jeffery  Taylor,F
Jehyve  Floyd,C
Jerel  McNeal,G
Jeremy  Evans,F
Jeremy  Pargo,G
Jerian  Grant,G
Jerry  Boutsiele,C
Jimmer  Fredette,G
Joan  Sastre,G
Jock  Landale,C
Joe  Alexander,F
Joe  Thomasson,G
Joel  Bolomboy,C
Joel  Freeland,C
Joel  Parra,F
Joey  Dorsey,C
Joffrey  Lauvergne,C
Johannes  Thiemann,C
Johannes  Voigtmann,C
John  Brown,F
John  Brown III,F
John  Dibartolomeo,G
John  Egbunu,C
John  Holland,F
Johnathan  Hamilton,C
Johnathan  Motley,C
Johnny  O'Bryant,C
Jon  Diebler,F
Jonah  Bolden,F
Jonah  Mathews,F
Jonah  Radebaugh,G
Jonas  Jerebko,F
Jonas  Maciulis,F
Jonas  Mattisseck,G
Jonathan  Holmes,F
Jordan  Loyd,G
Jordan  McRae,F
Jordan  Mickey,C
Jordan  Nwora,F
Jordan  Taylor,G
Jordan  Theodore,G
Josep  Puerto,G
Josh  Adams,G
Josh  Akognon,G
Josh  Huestis,F
Josh  Magette,G
Josh  Nebo,C
Jovan  Kljajic,G
Juan  Hernangomez,F
Juan  Nunez,G
Juan Carlos  Navarro,G
Juhann  Begarin,F
Justin  Anderson,F
Justin  Bean,F
Justin  Dentmon,G
Justin  Doellman,F
Justus  Hollatz,G
Kajus  Kublickas,G
Kaleb  Tarczewski,C
Kalin  Lucas,G
Kamar  Baldwin,G
Kameron  Taylor,G
Karam  Mashour,F
Karolis  Lukosiunas,G
Kartal  Ozmizrak,G
Kasparas  Jakucionis,G
Kassius  Robertson,F
Keenan  Evans,G
Keifer  Sykes,G
Keith  Langford,G
Kelvin  Rivers,F
Kemba  Walker,G
Kenan  Sipahi,G
Kendrick  Nunn,G
Kendrick  Perry,G
Kendrick  Ray,G
Kenneth  Faried,F
Kenneth  Ogbe,G
Kenny  Gabriel,F
Kerr  Kriisa,G
Kevarrius  Hayes,C
Kevin  Jones,C
Kevin  Pangos,G
Kevin  Punter,G
Kevin  Seraphin,C
Kevin  Yebo,C
Khalifa  Diop,C
Khalifa  Koumadje,C
Khem  Birch,C
Khyri  Thomas,G
Kim  Tillie,F
Klemen  Prepelic,G
Konstantinos  Mitoglou,F
Kosta  Koufos,C
Kostas  Antetokounmpo,C
Kostas  Kaimakoglou,F
Kostas  Papanikolaou,F
Kostas  Sloukas,G
Kresimir  Nikic,C
Krunoslav  Simon,F
Kyle   Alexander,F
Kyle   Kuric,G
Kyle  Guy,G
Kyle  Hines,C
Kyle  O'Quinn,C
Kyle  Weems,F
Kyle  Wiltjer,F
Kymany  Houinsou,G
Lamar  Peters,G
Landry  Nnoko,C
Langston  Hall,G
Latavious  Williams,C
Laurynas  Birutis,C
Lautaro  Lopez,G
Leandro  Bolmaro,G
Leo  Cavaliere,F
Leo  Menalo,F
Leo  Westermann,G
Leon  Kratzer,C
Leon  Radosevic,C
Leonidas  Kaselakis,F
Levi  Randolph,F
Liutauras  Lelevicius,G
Livio  Jean-Charles,F
Lonnie  Walker IV,G
Lorenz  Brenneke,F
Lorenzo  Brown,G
Louis  Labeyrie,F
Louis  Olinde,F
Luca  Vildoza,G
Lucas  Fischer,C
Lucas  Mari,G
Lucca  Staiger,G
Luigi  Datome,F
Luis  Scola,F
Luka  Doncic,G
Luka  Mitrovic,F
Lukas  Lekavicius,G
Lukas  Uleckas,G
Luke  Harangody,F
Luke  Sikma,F
Maik  Kotsar,C
Maik  Zirbes,C
Makai  Mason,G
Maksim  Barashkov,F
Malcolm  Delaney,G
Malcolm  Thomas,C
Malte  Delow,G
Mantas  Juzenas,G
Mantas  Kalnietis,G
Mantas  Rubstavicius,G
Maodo  Lo,G
Marc  Garcia,G
Marcelinho  Huertas,G
Marco  Belinelli,G
Marco  Cusin,C
Marco  Spissu,G
Marcos  Knight,G
Marcus  Denmon,G
Marcus  Eriksson,G
Marcus  Foster,G
Marcus  Slaughter,C
Marek  Blazevic,C
Marial   Shayok,G
Mario  Hezonja,F
Mario  Nakic,F
Marius  Grigonis,F
Markel   Starks,G
Markel  Brown,G
Marko  Banic,C
Marko  Guduric,F
Marko  Gusic,G
Marko  Keselj,F
Marko  Simonovic,C
Marko  Todorovic,C
Marko Jagodic Kuridza,F
Markus  Howard,G
Martin  Hermannsson,G
Martinas  Geben,C
Martynas  Arlauskas,G
Martynas  Sajus,C
Marvin  Ogunsipe,F
Mateusz  Ponitka,F
Mathias  Lessort,C
Matt  Mitchell,F
Matt  Thomas,G
Matteo  Spagnolo,G
Matthew  Costello,C
Matthew  Janning,G
Matthew  Lojeski,F
Matthew  Morgan,G
Matthew  Strazel,G
Maurice  Ndour,C
Max  Heidegger,G
Mbaye  Ndiaye,C
Mehmet  Yagmur,G
Melih   Tunca,G
Melih  Mahmutoglu,G
Melvin  Ajinca,F
Melwin  Pantzar,G
Mert  Akay,G
Metecan  Birsen,F
Metin  Turen,F
Michael  Caicedo,G
Michael  Eric,C
Michael  Ojo,C
Michael  Roll,F
Michalis  Lountzis,G
Miguel  Gonzalez,G
Mikael  Jantunen,C
Mike  Daum,F
Mike  James,G
Mike  Scott,F
Mike  Tobey,C
Mikhail  Kulagin,G
Milan  Macvan,C
Milko  Bjelica,C
Millan  Jimenez,G
Milos  Teodosic,G
Mindaugas  Kuzminskas,F
Miroslav  Raduljica,C
Mitar  Bosnjakovic,G
Mo  Soluade,G
Moses  Wright,C
Motiejus  Krivas,C
Mouhamet  Diouf,C
Mouhammad  Faye,F
Mouhammadou  Jaiteh,C
Moussa  Diagne,C
Moustapha  Fall,C
Muhammed  Mustafa  Baygul,G
Mustafa  Muhaymin,G
Nadir  Hifi,G
Nando  de Colo,G
Nate  Reuvers,F
Nate  Wolters,G
Nathan  Sestina,F
Naz  Mitrou-Long,G
Neal  Sako,C
Nedas  Montvila,G
Nelson  Weidemann,G
Nemanja  Bjelica,F
Nemanja  Dangubic,F
Nemanja  Gordic,G
Nemanja  Nedovic,G
Nemanja  Nenadic,F
Nenad  Dimitrijevic,G
Neoklis  Avdalas,G
Niccolo  Mannion,G
Nick  Calathes,G
Nick  Weiler-Babb,G
Nico  Mannion,G
Nicola  Akele,F
Nicolas  Laprovittola,G
Nicolo  Melli,F
Niels  Giffey,F
Nigel  Hayes-Davis,F
Nigel  Williams-Goss,G
Nihad  Djedovic,F
Nik  Stauskas,G
Nikita  Kurbanov,F
Nikola  Ivanovic,G
Nikola  Jovanovic,C
Nikola  Kalinic,F
Nikola  Milutinov,C
Nikola  Mirotic,F
Nikola  Radicevic,G
Nikola  Rebic,G
Nikola  Topic,F
Nikolaos  Zisis,G
Nikos  Chougkaz,F
Nikos  Diplaros,G
Nikos  Pappas,G
Nikos  Rogkavopoulos,F
Nils  Machowski,G
Nimrod  Levi,F
Noam  Yaacov,G
Norris  Cole,G
O.J.  Mayo,G
Octavius   Ellis,C
Oded  Brandwein,G
Ognjen  Dobric,F
Ognjen  Jaramaz,G
Ognjen  Kuzmic,C
Oguz  Savas,C
Okaro  White,F
Okben  Ulubay,F
Omer  Mayer,G
Omer  Yurtseven,C
Omercan  Ilyasoglu,G
Omri  Casspi,F
Ondrej  Balvin,C
Onuralp  Bitim,G
Orhan  Haciyeva,F
Oriol  Pauli,F
Orlando  Johnson,G
Oscar  da Silva,F
Othello  Hunter,C
Ousmane  Diop,C
Ousmane  Ndiaye,C
Oz  Blayzer,F
P.J.  Dozier,G
Pablo  Prigioni,G
Panagiotis  Kalaitzakis,F
Panagiotis  Tsamis,F
Paris  Lee,G
Parker  Jackson-Cartwright,G
Patric  Young,C
Patricio  Garino,F
Patrick  Heckmann,F
Pau  Gasol,F
Pau  Ribas,G
Paul   Stoll,G
Paul  Biligha,C
Paul  Lacombe,G
Paul  Mbiya,C
Paul  Zipser,F
Paulius  Jankunas,F
Paulius  Valinskas,G
Pavel   Savkov,F
Pavel  Antipov,F
Pavel  Korobkov,F
Pero  Antic,C
Petar  Popovic,G
Petr  Cornelie,F
Petr  Gubanov,F
Petteri  Koponen,G
Peyton  Siva,F
Phil  Pressey,G
Pierre  Jackson,G
Pierre  Oriola,F
Pierria  Henry,G
Quincy  Acy,F
Quincy  Miller,F
Quino  Colom,G
Rafa  Martinez,F
Rafa  Villar,G
Rafael  Luz,G
Rafael  Menco,F
Rakim  Sanders,F
Ramon  Sessions,G
Ray  McCallum,G
Rayjon  Tucker,G
Raymar  Morgan,F
Regimantas  Miniotas,F
Renaldas  Seibutis,F
Retin  Obasohan,G
Ricard  Rubio,G
Riccardo  Moraschini,G
Ricky  Hickman,G
Ricky  Ledo,G
Ridvan  Oncel,G
Rihards  Lomazs,G
Rikus  Schulte,F
Rinalds  Malmanis,C
Rion  Brown,F
Rob  Gray,G
Robertas  Javtokas,C
Robin  Amaize,F
Rodions  Kurucs,G
Rodney  McGruder,G
Rodrigue  Beaubois,G
Rokas  Giedraitis,F
Rokas  Jokubaitis,G
Rolands  Smits,F
Roman  Sorkin,C
Ron  Baker,G
Rudy  Demahis,G
Rudy  Fernandez,F
Russ  Smith,G
Saben  Lee,G
Salah  Mejri,C
Sam  Van Rossom,G
Samet  Geyik,F
Sander  Raieste,F
Sandy  Cohen,G
Santiago  Yusta,F
Sasha  Grant,F
Sasu  Salin,G
Scottie  Wilbekin,G
Sead  Sehovic,F
Sean  Kilpatrick,G
Sebastian  Herrera,G
Sediq  Garuba,F
Sehmus  Hazer,G
Semaj  Christon,G
Semen  Antonov,G
Semi  Ojeleye,F
Semih  Erden,C
Serge  Ibaka,C
Sergei  Balashov,F
Sergei  Monia,F
Sergey  Karasev,G
Sergi  Garcia,F
Sergi  Martinez,F
Sergio  De Larrea,G
Sergio  Llull,G
Sergio  Rodriguez,G
Sertac  Sanli,C
Shabazz  Napier,G
Shane  Larkin,G
Shannon  Evans,G
Shaquielle  McKissic,F
Shaquille  Harrison,G
Shavon  Shields,F
Shelvin  Mack,G
Sidi  Gueye,C
Siim Sander Vene,F
Simone  Fontecchio,F
Sinan  Guler,G
Skylar  Mays,G
Sonny  Weems,F
Stanley  Johnson,F
Stanton  Kidd,F
Stefan  Jankovic,C
Stefan  Jovic,G
Stefan  Lazarevic,G
Stefan  Markovic,G
Stefan  Peno,G
Stefano  Tonut,G
Stephane  Lasme,C
Stephen Paul Vasturia,G
Sterling  Brown,F
Steven  Enoch,C
Stratos   Perperoglou,F
Suad  Sehovic,F
Suleiman  Braimoh,C
Sylvain  Francisco,G
Sylven  Landesberg,G
T.J.  Bray,G
T.J.  Cline,F
Tadas  Sedekerskis,F
Tai  Webster,G
Tamir  Blatt,G
Tarik  Biberovic,F
Tarik  Black,C
Taylor  Rochestie,G
Terry  Tarpey,F
Thanasis  Antetokounmpo,F
Theo  Maledon,G
Thomas  Heurtel,G
Thomas  Robinson,C
Thomas  Walkup,G
Tibor  Pleiss,C
Tim  Abromaitis,F
Tim  Schneider,F
Timofey  Yakushin,G
Timothe  Luwawu-Cabarrot,F
Titas  Sargiunas,G
TJ  Shorts II,G
Tolga  Gecim,F
Tomas  Dimsa,F
Tomas  Satoransky,G
Tommaso  Baldasso,G
Toney  Douglas,G
Tony  Crocker,F
Tonye  Jekiri,C
Tornike  Shengelia,F
Torrian  Walden,G
Trent  Forrest,G
Trevion  Williams,C
Trevor  Cooney,G
Trey  Kell,G
Trey  Thompkins,F
Tristan  Vukcevic,F
Troy  Daniels,G
Tryggvi  Hlinason,C
Tyler  Cavanaugh,F
Tyler  Dorsey,G
Tyler  Ennis,G
Tyler  Honeycutt,F
Tyrese  Rice,G
Tyrique  Jones,C
Tyrone  Wallace,G
Tyson  Carter,G
Tyson  Ward,F
Urban  Klavzar,G
Uros   Plavsic,C
Uros  Trifunovic,F
Usman  Garuba,C
Vadim  Panin,G
Vanja  Marinkovic,F
Vasilije  Micic,G
Vassilis  Charalampopoulos,F
Vassilis  Kavvadas,C
Vassilis  Spanoulis,G
Vassilis  Toliopoulos,G
Veniamin  Abosi,F
Viacheslav  Zaytsev,G
Victor  Claver,F
Victor  Rudd,F
Victor  Wembanyama,F
Viktor  Khryapa,F
Vincent  Poirier,C
Viny  Okouo,C
Vit  Hrabar,F
Vitaly  Fridzon,G
Vitor  Faverani,C
Vitto  Brown,F
Vladimir  Brodziansky,C
Vladimir  Ivlev,C
Vladimir  Lucic,F
Vladimir  Micov,F
Vladimir  Stimac,C
Vladimir  Veremeenko,C
Vladislav   Trushkin,F
Vladislav  Odinokov,F
Vladislav  Sharapov,F
Wade  Baldwin IV,G
Walter  Tavares,C
Wenyen  Gabriel,C
Wesley  Johnson,F
Will  Cherry,G
Will  Clyburn,F
Will  Rayman,F
Will  Thomas,F
William  Howard,F
William  McDowell-White,G
Willie  Reed,C
Willy  Hernangomez,C
Xabi  Lopez-Arostegui,F
Xavier  Munford,G
Xavier  Rabaseda,F
Xavier  Rathan-Mayes,F
Yago Mateus dos Santos,G
Yakuba  Ouattara,F
Yam  Madar,G
Yannick  Wetzell,F
Yiftach  Ziv,G
Yigit  Mestoglu,F
Yigitcan  Saybir,F
Yoan  Makoundou,C
Yogev  Ohayon,G
Yogi  Ferrell,G
Yohann  Sissoko,F
Yonatan  Atias,C
Yordan  Minchev,F
Youssoupha  Fall,C
Yovel  Zoosman,F
Yury  Umrikhin,G
Yves  Pons,C
Zaccharie  Risacher,F
Zach  Auguste,C
Zach  LeDay,F
Zan Mark Sisko,G
Zanis  Peiners,F
Zayd  Muosa,F
Ziga  Samar,G
Zoran  Dragic,F
Zoran  Nikolic,C
Zylan  Cheatham,F
Jarrell  Brantley,F
Raul  Neto,G
Mert Emre Eksioglu,G
Nathan  Mensah,C
Luka  Samanic,F
Ivan  Volf,G
Riccardo  Visconti,G
Arijan  Lakic,F
Bruno  Fernando,C
Dennis  Smith Jr.,G
Dovydas  Buika,G
Justin  Holiday,G
Jilson  Bango,C
Jimmy   Clark,G
Raul  Villar,G
Isaiah  Wong,G
Robert  Baker II,C
Mathis  Dossou-Yovo,F
Joseba  Querejeta,G

